{
  "test": {
    "LRD": {
      "auroc": 0.898309005528696,
      "auprc": 0.7936619247015517,
      "ece": 0.09248967015080983
    },
    "last-layer probe": {
      "auroc": 0.8189409886881491,
      "auprc": 0.6571372494386243,
      "ece": 0.18067517130673402
    },
    "global logreg": {
      "auroc": 0.8664553887436675,
      "auprc": 0.7477081176725885,
      "ece": 0.11614299474524027
    },
    "neg-entropy (trivial)": {
      "auroc": 0.8528996738300678,
      "auprc": 0.7268992587687634
    }
  },
  "cross": {
    "LRD": {
      "auroc": 0.9411319955030513,
      "auprc": 0.7628887803468447,
      "ece": 0.06789982742071152
    },
    "last-layer probe": {
      "auroc": 0.9611850824859649,
      "auprc": 0.887523311448033,
      "ece": 0.03267638536706548
    },
    "global logreg": {
      "auroc": 0.8747553078003385,
      "auprc": 0.5912648065317347,
      "ece": 0.14936875768501123
    },
    "neg-entropy (trivial)": {
      "auroc": 0.861110013612968,
      "auprc": 0.5902736077721533
    }
  },
  "popularity": {
    "bucket_0": {
      "n": 56,
      "auroc": 0.9278846153846153,
      "label_rate": 0.07142857142857142
    },
    "bucket_1": {
      "n": 56,
      "auroc": 0.9622641509433962,
      "label_rate": 0.05357142857142857
    },
    "bucket_2": {
      "n": 56,
      "auroc": 0.9199999999999999,
      "label_rate": 0.10714285714285714
    },
    "bucket_3": {
      "n": 57,
      "auroc": 0.8432432432432433,
      "label_rate": 0.3508771929824561
    }
  }
}